Workbook

Sheet MS PRODUCTION LOG
A1: Date | B1: SQF No | C1: Batch No | D1: MS No | E1: Qty (Nos) | F1: Wt/Pc (Kg) | G1: Total Wt (Kg) | H1: In Time | I1: Out Time | J1: Gap/Loss (min) | K1: Reason of Gap | L1: Charge Wt Loss | M1: Reason of Loss | N1: Remarks | O1: Data Check | P1: Unique Batch (auto - don't edit)
A2: 46266 | B2: 1 | C2: 26H110 | D2: MS 32009 | E2: 260 | F2: 3.04 | G2: 790.4 | H2: 0.40763889 | I2: 0.73611111 | P2: =IF($C2="","",IF(COUNTIF($C$2:$C2,$C2)=1,1,0))
A3: 46266 | B3: 1 | C3: 26I554 | D3: MS 22018 | E3: 34 | F3: 8.4 | G3: 285.6 | H3: 0.71458333 | I3: 0.25 | P3: =IF($C3="","",IF(COUNTIF($C$2:$C3,$C3)=1,1,0))
A4: 46266 | B4: 1 | C4: 26I557 | D4: MS 9064 | E4: 150 | F4: 6.92 | G4: 1038 | H4: 0.22430556 | I4: 0.75138889 | P4: =IF($C4="","",IF(COUNTIF($C$2:$C4,$C4)=1,1,0))
A5: 46266 | B5: 2 | C5: 26I02 | D5: MS 32009 | E5: 260 | F5: 3.04 | G5: 790.4 | H5: 0.46944444 | I5: 0.82083333 | P5: =IF($C5="","",IF(COUNTIF($C$2:$C5,$C5)=1,1,0))
A6: 46266 | B6: 2 | C6: 26I03 | D6: MS 32009 | E6: 260 | F6: 3.04 | G6: 790.4 | H6: 0.79513889 | I6: 0.14583333 | P6: =IF($C6="","",IF(COUNTIF($C$2:$C6,$C6)=1,1,0))
A7: 46266 | B7: 2 | C7: 26I01 | D7: MS 32012 | E7: 450 | F7: 2.1 | G7: 945 | H7: 0.11805556 | I7: 0.47222222 | P7: =IF($C7="","",IF(COUNTIF($C$2:$C7,$C7)=1,1,0))
A8: 46266 | B8: 3 | C8: 26I552 | D8: B/G 2024 | E8: 65 | F8: 16.28 | G8: 1058.2 | H8: 0.37291667 | I8: 0.80902778 | P8: =IF($C8="","",IF(COUNTIF($C$2:$C8,$C8)=1,1,0))
A9: 46266 | B9: 3 | C9: 26I556 | D9: B/G 26010 | E9: 56 | F9: 18.62 | G9: 1042.72 | H9: 0.78263889 | I9: 0.23263889 | P9: =IF($C9="","",IF(COUNTIF($C$2:$C9,$C9)=1,1,0))
A10: 46266 | B10: 3 | C10: 26I558 | D10: B/G 2066 | E10: 94 | F10: 10.08 | G10: 947.52 | H10: 0.20694444 | I10: 0.73263889 | P10: =IF($C10="","",IF(COUNTIF($C$2:$C10,$C10)=1,1,0))
A11: 46266 | B11: 4 | C11: 26I551 | D11: P0003 | E11: 150 | F11: 7 | G11: 1050 | H11: 0.56458333 | I11: 0.93402778 | P11: =IF($C11="","",IF(COUNTIF($C$2:$C11,$C11)=1,1,0))
A12: 46266 | B12: 4 | C12: 26I553 | D12: MS 4411 | E12: 140 | F12: 8.2 | G12: 1148 | H12: 0.90555556 | I12: 0.35555556 | P12: =IF($C12="","",IF(COUNTIF($C$2:$C12,$C12)=1,1,0))
A13: 46267 | B13: 1 | C13: 26I04 | D13: MS 32009 | E13: 260 | F13: 3.04 | G13: 790.4 | H13: 0.72916667 | I13: 0.055555556 | P13: =IF($C13="","",IF(COUNTIF($C$2:$C13,$C13)=1,1,0))
... A70: 46272 | B70: 1 | C70: 26I170 | D70: MS 32009 | E70: 260 | F70: 3.04 | G70: 790.4 | H70: 0.55555556 | I70: 0.88194444 | P70: =IF($C70="","",IF(COUNTIF($C$2:$C70,$C70)=1,1,0))
A71: 46272 | B71: 1 | C71: ZI592 | D71: MS 22018 | E71: 15 | F71: 8.4 | G71: 126 | H71: 0.85486111 | I71: 0.48263889 | O71: Rate/typo check needed | P71: =IF($C71="","",IF(COUNTIF($C$2:$C71,$C71)=1,1,0))
A72: 46272 | B72: 1 | C72: ZI592 | D72: B/G 20002 | E72: 48 | F72: 15.58 | G72: 747.84 | H72: 0.85486111 | I72: 0.48263889 | O72: Rate/typo check needed | P72: =IF($C72="","",IF(COUNTIF($C$2:$C72,$C72)=1,1,0))
A73: 46272 | B73: 2 | C73: 26I593 | D73: MS 9064 | E73: 150 | F73: 6.92 | G73: 1038 | H73: 0.675 | I73: 0.17361111 | P73: =IF($C73="","",IF(COUNTIF($C$2:$C73,$C73)=1,1,0))
A74: 46272 | B74: 2 | C74: 26I19 | D74: MS 32009 | E74: 260 | F74: 3.04 | G74: 790.4 | H74: 0.14444444 | I74: 0.49305556 | P74: =IF($C74="","",IF(COUNTIF($C$2:$C74,$C74)=1,1,0))
A75: 46272 | B75: 3 | C75: 26I589 | D75: MS 4412 | E75: 129 | F75: 8.28 | G75: 1068.12 | H75: 0.32430556 | I75: 0.78958333 | P75: =IF($C75="","",IF(COUNTIF($C$2:$C75,$C75)=1,1,0))
A76: 46272 | B76: 3 | C76: 26I594 | D76: B/G 18000 | E76: 70 | F76: 15.38 | G76: 1076.6 | H76: 0.80208333 | I76: 0.31597222 | P76: =IF($C76="","",IF(COUNTIF($C$2:$C76,$C76)=1,1,0))
A77: 46272 | B77: 4 | C77: 26I591 | D77: MS 4463 | E77: 150 | F77: 7.3 | G77: 1095 | H77: 0.42569444 | I77: 0.90694444 | P77: =IF($C77="","",IF(COUNTIF($C$2:$C77,$C77)=1,1,0))
A78: 46272 | B78: 4 | C78: 26I596 | D78: MS 4412 | E78: 114 | F78: 8.28 | G78: 943.92 | H78: 0.88888889 | I78: 0.32986111 | P78: =IF($C78="","",IF(COUNTIF($C$2:$C78,$C78)=1,1,0))
A79: 46273 | B79: 1 | C79: 26I20 | D79: MS 32009 | E79: 260 | F79: 3.04 | G79: 790.4 | H79: 0.45833333 | I79: 0.79166667 | P79: =IF($C79="","",IF(COUNTIF($C$2:$C79,$C79)=1,1,0))
A80: 46273 | B80: 1 | C80: 26I601 | D80: MS 9064 | E80: 150 | F80: 6.92 | G80: 1038 | H80: 0.75972222 | I80: 0.25 | P80: =IF($C80="","",IF(COUNTIF($C$2:$C80,$C80)=1,1,0))
A81: 46273 | B81: 1 | C81: 26I23 | D81: MS 32009 | E81: 260 | F81: 3.04 | G81: 790.4 | H81: 0.22430556 | I81: 0.55208333 | P81: =IF($C81="","",IF(COUNTIF($C$2:$C81,$C81)=1,1,0))
A82: 46273 | B82: 2 | C82: 26I18 | D82: MS 32012 | E82: 450 | F82: 2.1 | G82: 945 | H82: 0.46805556 | I82: 0.82152778 | P82: =IF($C82="","",IF(COUNTIF($C$2:$C82,$C82)=1,1,0))
A83: 46273 | B83: 2 | C83: 26I21 | D83: MS 32009 | E83: 260 | F83: 3.04 | G83: 790.4 | H83: 0.79375 | I83: 0.14722222 | P83: =IF($C83="","",IF(COUNTIF($C$2:$C83,$C83)=1,1,0))
A84: 46273 | B84: 2 | C84: 26I22 | D84: MS 32012 | E84: 450 | F84: 2.1 | G84: 945 | H84: 0.11944444 | I84: 0.46319444 | P84: =IF($C84="","",IF(COUNTIF($C$2:$C84,$C84)=1,1,0))
A85: 46273 | B85: 3 | C85: 26I595 | D85: MS 21017 | E85: 150 | F85: 5.84 | G85: 876 | H85: 0.29027778 | I85: 0.73611111 | O85: Rate/typo check needed | P85: =IF($C85="","",IF(COUNTIF($C$2:$C85,$C85)=1,1,0))
A86: 46273 | B86: 3 | C86: 26I598 | D86: MS 4463 | E86: 150 | F86: 7.3 | G86: 1095 | H86: 0.70902778 | I86: 0.1875 | P86: =IF($C86="","",IF(COUNTIF($C$2:$C86,$C86)=1,1,0))
A87: 46273 | B87: 3 | C87: ZI602 | D87: B/G 20002 | E87: 67 | F87: 15.58 | G87: 1043.86 | H87: 0.16111111 | I87: 0.73611111 | P87: =IF($C87="","",IF(COUNTIF($C$2:$C87,$C87)=1,1,0))
A88: 46273 | B88: 4 | C88: 26I597 | D88: MS 4529 | E88: 262 | F88: 2.52 | G88: 660.24 | H88: 0.30347222 | I88: 0.69097222 | P88: =IF($C88="","",IF(COUNTIF($C$2:$C88,$C88)=1,1,0))
A89: 46273 | B89: 4 | C89: 26I599 | D89: MS 4435 | E89: 132 | F89: 7.3 | G89: 963.6 | H89: 0.66319444 | I89: 0.14930556 | P89: =IF($C89="","",IF(COUNTIF($C$2:$C89,$C89)=1,1,0))
A90: 46273 | B90: 4 | C90: 26I599 | D90: MS 4463 | E90: 18 | F90: 7.3 | G90: 131.4 | H90: 0.66319444 | I90: 0.14930556 | P90: =IF($C90="","",IF(COUNTIF($C$2:$C90,$C90)=1,1,0))
A91: 46273 | B91: 4 | C91: 26I604 | D91: MS 4463 | E91: 150 | F91: 7.3 | G91: 1095 | H91: 0.12569444 | I91: 0.60069444 | P91: =IF($C91="","",IF(COUNTIF($C$2:$C91,$C91)=1,1,0))
A92: 46274 | B92: 1 | C92: 26I24 | D92: MS 32009 | E92: 260 | F92: 3.04 | G92: 790.4 | H92: 0.52430556 | I92: 0.85763889 | P92: =IF($C92="","",IF(COUNTIF($C$2:$C92,$C92)=1,1,0))
A93: 46274 | B93: 1 | C93: 26I25 | D93: MS 32012 | E93: 450 | F93: 2.1 | G93: 945 | H93: 0.82986111 | I93: 0.17222222 | P93: =IF($C93="","",IF(COUNTIF($C$2:$C93,$C93)=1,1,0))
A94: 46274 | B94: 1 | C94: 26I27 | D94: MS 32009 | E94: 260 | F94: 3.04 | G94: 790.4 | H94: 0.14305556 | I94: 0.46527778 | P94: =IF($C94="","",IF(COUNTIF($C$2:$C94,$C94)=1,1,0))
A95: 46274 | B95: 2 | C95: 26I603 | D95: B/G 18000 | E95: 70 | F95: 15.38 | G95: 1076.6 | H95: 0.43541667 | I95: 0.97777778 | P95: =IF($C95="","",IF(COUNTIF($C$2:$C95,$C95)=1,1,0))
A96: 46274 | B96: 2 | C96: 26I607 | D96: MS 14014 | E96: 32 | F96: 30 | G96: 960 | H96: 0.94791667 | I96: 0.6125 | P96: =IF($C96="","",IF(COUNTIF($C$2:$C96,$C96)=1,1,0))
A97: 46274 | B97: 3 | C97: 26I606 | D97: MS 4463 | E97: 123 | F97: 7.3 | G97: 897.9 | H97: 0.70902778 | I97: 0.22916667 | P97: =IF($C97="","",IF(COUNTIF($C$2:$C97,$C97)=1,1,0))
A98: 46274 | B98: 3 | C98: 26I606 | D98: B/G 2066 | E98: 10 | F98: 10.08 | G98: 100.8 | H98: 0.70902778 | I98: 0.22916667 | P98: =IF($C98="","",IF(COUNTIF($C$2:$C98,$C98)=1,1,0))
A99: 46274 | B99: 3 | C99: 26I610 | D99: MS 4435 | E99: 150 | F99: 8.3 | G99: 1245 | H99: 0.19861111 | I99: 0.67708333 | O99: Rate/typo check needed | P99: =IF($C99="","",IF(COUNTIF($C$2:$C99,$C99)=1,1,0))
A100: 46274 | B100: 4 | C100: 26I605 | D100: MS 4344 | E100: 321 | F100: 2.88 | G100: 924.48 | H100: 0.57430556 | I100: 0.065972222 | P100: =IF($C100="","",IF(COUNTIF($C$2:$C100,$C100)=1,1,0))
A101: 46274 | B101: 4 | C101: 26I609 | D101: MS 23011 | E101: 685 | F101: 0.64 | G101: 438.4 | H101: 0.0375 | I101: 0.41319444 | P101: =IF($C101="","",IF(COUNTIF($C$2:$C101,$C101)=1,1,0))
A102: 46274 | B102: 4 | C102: 26I609 | D102: MS 3003 | E102: 480 | F102: 1.2 | G102: 576 | H102: 0.0375 | I102: 0.41319444 | P102: =IF($C102="","",IF(COUNTIF($C$2:$C102,$C102)=1,1,0))
A103: 46275 | B103: 1 | C103: 26I613 | D103: MS 9064 | E103: 150 | F103: 6.92 | G103: 1038 | H103: 0.44722222 | I103: 0.52777778 | P103: =IF($C103="","",IF(COUNTIF($C$2:$C103,$C103)=1,1,0))
A104: 46275 | B104: 1 | C104: 26I29 | D104: MS 32009 | E104: 260 | F104: 3.04 | G104: 790.4 | H104: 0.92361111 | I104: 0.25694444 | P104: =IF($C104="","",IF(COUNTIF($C$2:$C104,$C104)=1,1,0))
A105: 46275 | B105: 1 | C105: 26I30 | D105: MS 32009 | E105: 260 | F105: 3.04 | G105: 790.4 | H105: 0.23611111 | I105: 0.57291667 | P105: =IF($C105="","",IF(COUNTIF($C$2:$C105,$C105)=1,1,0))
A106: 46275 | B106: 2 | C106: 26I26 | D106: MS 32009 | E106: 260 | F106: 3.04 | G106: 790.4 | H106: 0.58819444 | I106: 0.94166667 | P106: =IF($C106="","",IF(COUNTIF($C$2:$C106,$C106)=1,1,0))
A107: 46275 | B107: 2 | C107: 26I28 | D107: MS 32012 | E107: 450 | F107: 2.1 | G107: 945 | H107: 0.92013889 | I107: 0.27083333 | P107: =IF($C107="","",IF(COUNTIF($C$2:$C107,$C107)=1,1,0))
A108: 46275 | B108: 2 | C108: 26I31 | D108: MS 32009 | E108: 260 | F108: 3.04 | G108: 790.4 | H108: 0.24236111 | I108: 0.59722222 | P108: =IF($C108="","",IF(COUNTIF($C$2:$C108,$C108)=1,1,0))
A109: 46275 | B109: 3 | C109: 26I614 | D109: MS 4435 | E109: 141 | F109: 7.3 | G109: 1029.3 | H109: 0.65 | I109: 0.13611111 | P109: =IF($C109="","",IF(COUNTIF($C$2:$C109,$C109)=1,1,0))
A110: 46275 | B110: 3 | C110: 26I614 | D110: MS 4463 | E110: 9 | F110: 7.3 | G110: 65.7 | H110: 0.65 | I110: 0.13611111 | P110: =IF($C110="","",IF(COUNTIF($C$2:$C110,$C110)=1,1,0))
A111: 46275 | B111: 3 | C111: 26I617 | D111: MS 4463 | E111: 125 | F111: 7.3 | G111: 912.5 | H111: 0.11319444 | I111: 0.58333333 | P111: =IF($C111="","",IF(COUNTIF($C$2:$C111,$C111)=1,1,0))
A112: 46275 | B112: 3 | C112: 26I617 | D112: 4435 | E112: 25 | F112: 7.3 | G112: 182.5 | H112: 0.11319444 | I112: 0.58333333 | P112: =IF($C112="","",IF(COUNTIF($C$2:$C112,$C112)=1,1,0))
A113: 46275 | B113: 4 | C113: 26I611 | D113: MS 4529 | E113: 250 | F113: 2.52 | G113: 630 | H113: 0.38472222 | I113: 0.79305556 | P113: =IF($C113="","",IF(COUNTIF($C$2:$C113,$C113)=1,1,0))
A114: 46275 | B114: 4 | C114: 26I611 | D114: MS 3019 | E114: 250 | F114: 0.98 | G114: 245 | H114: 0.38472222 | I114: 0.79305556 | P114: =IF($C114="","",IF(COUNTIF($C$2:$C114,$C114)=1,1,0))
A115: 46275 | B115: 4 | C115: 26I612 | D115: B/G 18000 | E115: 70 | F115: 15.38 | G115: 1076.6 | H115: 0.76666667 | I115: 0.27083333 | P115: =IF($C115="","",IF(COUNTIF($C$2:$C115,$C115)=1,1,0))
A116: 46275 | B116: 4 | C116: 26I612 | D116: MS 9067 | E116: 12 | F116: 1.92 | G116: 23.04 | H116: 0.76666667 | I116: 0.27083333 | P116: =IF($C116="","",IF(COUNTIF($C$2:$C116,$C116)=1,1,0))
A117: 46275 | B117: 4 | C117: 26I615 | D117: MS 4532 | E117: 470 | F117: 0.44 | G117: 206.8 | H117: 0.24861111 | I117: 0.65625 | P117: =IF($C117="","",IF(COUNTIF($C$2:$C117,$C117)=1,1,0))
A118: 46275 | B118: 4 | C118: 26I615 | D118: MS 3003 | E118: 560 | F118: 1.2 | G118: 672 | H118: 0.24861111 | I118: 0.65625 | P118: =IF($C118="","",IF(COUNTIF($C$2:$C118,$C118)=1,1,0))
A119: 46276 | B119: 1 | C119: 26I33 | D119: MS 32009 | E119: 260 | F119: 3.04 | G119: 790.4 | H119: 0.54444444 | I119: 0.88194444 | P119: =IF($C119="","",IF(COUNTIF($C$2:$C119,$C119)=1,1,0))
A120: 46276 | B120: 1 | C120: 26I35 | D120: MS 32009 | E120: 260 | F120: 3.04 | G120: 790.4 | H120: 0.85555556 | I120: 0.20138889 | P120: =IF($C120="","",IF(COUNTIF($C$2:$C120,$C120)=1,1,0))
A121: 46276 | B121: 1 | C121: 26I34 | D121: MS 32012 | E121: 450 | F121: 2.1 | G121: 945 | H121: 0.16527778 | I121: 0.51388889 | P121: =IF($C121="","",IF(COUNTIF($C$2:$C121,$C121)=1,1,0))
A122: 46276 | B122: 2 | C122: 26I32 | D122: MS 32012 | E122: 450 | F122: 2.1 | G122: 945 | H122: 0.57083333 | I122: 0.92222222 | P122: =IF($C122="","",IF(COUNTIF($C$2:$C122,$C122)=1,1,0))
A123: 46276 | B123: 2 | C123: 26I623 | D123: MS 22011 | E123: 5 | F123: 2.1 | G123: 10.5 | H123: 0.89583333 | I123: 0.3875 | P123: =IF($C123="","",IF(COUNTIF($C$2:$C123,$C123)=1,1,0))
A124: 46276 | B124: 2 | C124: 26I623 | D124: MS 22012 | E124: 5 | F124: 2.07 | G124: 10.35 | H124: 0.89583333 | I124: 0.3875 | P124: =IF($C124="","",IF(COUNTIF($C$2:$C124,$C124)=1,1,0))
... A130: 46276 | B130: 4 | C130: 26I624 | D130: MS 9067 | E130: 552 | F130: 1.92 | G130: 1059.84 | H130: 0.96388889 | I130: 0.47222222 | P130: =IF($C130="","",IF(COUNTIF($C$2:$C130,$C130)=1,1,0))
A131: 46277 | B131: 1 | C131: 26I37 | D131: 32012 | E131: 450 | F131: 2.1 | G131: 945 | H131: 0.48333333 | I131: 0.83333333 | P131: =IF($C131="","",IF(COUNTIF($C$2:$C131,$C131)=1,1,0))
A132: 46277 | B132: 1 | C132: 26I628 | D132: 9064 | E132: 150 | F132: 6.92 | G132: 1038 | H132: 0.80416667 | I132: 0.30555556 | P132: =IF($C132="","",IF(COUNTIF($C$2:$C132,$C132)=1,1,0))
A133: 46277 | B133: 1 | C133: 26I38 | D133: 32012 | E133: 450 | F133: 2.1 | G133: 945 | H133: 0.27708333 | I133: 0.63194444 | P133: =IF($C133="","",IF(COUNTIF($C$2:$C133,$C133)=1,1,0))
A134: 46277 | B134: 2 | C134: 26I622 | D134: 4215 | E134: 216 | F134: 4.1 | G134: 885.6 | H134: 0.48888889 | I134: 0.89583333 | P134: =IF($C134="","",IF(COUNTIF($C$2:$C134,$C134)=1,1,0))
A135: 46277 | B135: 2 | C135: 26I622 | D135: 12001 | E135: 10 | F135: 3.04 | G135: 30.4 | H135: 0.48888889 | I135: 0.89583333 | P135: =IF($C135="","",IF(COUNTIF($C$2:$C135,$C135)=1,1,0))
A136: 46277 | B136: 2 | C136: 26I36 | D136: 32009 | E136: 260 | F136: 3.04 | G136: 790.4 | H136: 0.88125 | I136: 0.23263889 | P136: =IF($C136="","",IF(COUNTIF($C$2:$C136,$C136)=1,1,0))
A137: 46277 | B137: 2 | C137: 26I39 | D137: 32009 | E137: 260 | F137: 3.04 | G137: 790.4 | H137: 0.20555556 | I137: 0.55208333 | P137: =IF($C137="","",IF(COUNTIF($C$2:$C137,$C137)=1,1,0))
A138: 46277 | B138: 3 | C138: 26I621 | D138: 4435 | E138: 150 | F138: 7.3 | G138: 1095 | H138: 0.38541667 | I138: 0.8625 | P138: =IF($C138="","",IF(COUNTIF($C$2:$C138,$C138)=1,1,0))
A139: 46277 | B139: 3 | C139: 26I625 | D139: 4065 | E139: 144 | F139: 7.82 | G139: 1126.08 | H139: 0.84305556 | I139: 0.23680556 | P139: =IF($C139="","",IF(COUNTIF($C$2:$C139,$C139)=1,1,0))
A140: 46277 | B140: 3 | C140: 26I629 | D140: 9034 | E140: 1500 | F140: 0.32 | G140: 480 | H140: 0.21388889 | I140: 0.52430556 | P140: =IF($C140="","",IF(COUNTIF($C$2:$C140,$C140)=1,1,0))
A141: 46277 | B141: 4 | C141: 26I619 | D141: 4286 | E141: 280 | F141: 3.3 | G141: 924 | H141: 0.44236111 | I141: 0.9375 | P141: =IF($C141="","",IF(COUNTIF($C$2:$C141,$C141)=1,1,0))
A142: 46277 | B142: 4 | C142: 26I620 | D142: 4529 | E142: 264 | F142: 2.52 | G142: 665.28 | H142: 0.90347222 | I142: 0.3125 | P142: =IF($C142="","",IF(COUNTIF($C$2:$C142,$C142)=1,1,0))
... A156: 46278 | B156: 4 | C156: 26I633 | D156: 4065 | E156: 36 | F156: 7.82 | G156: 281.52 | H156: 0.76527778 | I156: 0.23263889 | P156: =IF($C156="","",IF(COUNTIF($C$2:$C156,$C156)=1,1,0))
A157: 46278 | B157: 4 | C157: 26I634 | D157: 4529 | E157: 194 | F157: 2.52 | G157: 488.88 | H157: 0.20486111 | I157: 0.62847222 | O157: MS No mismatch between sheets - verify | P157: =IF($C157="","",IF(COUNTIF($C$2:$C157,$C157)=1,1,0))
A158: 46278 | B158: 4 | C158: 26I634 | D158: 3019 | E158: 550 | F158: 0.98 | G158: 539 | H158: 0.20486111 | I158: 0.62847222 | O158: MS No mismatch between sheets - verify | P158: =IF($C158="","",IF(COUNTIF($C$2:$C158,$C158)=1,1,0))
A159: 46279 | B159: 1 | C159: 26I44 | D159: 32009 | E159: 260 | F159: 3.04 | G159: 790.4 | H159: 0.69166667 | I159: 0.034722222 | P159: =IF($C159="","",IF(COUNTIF($C$2:$C159,$C159)=1,1,0))
A160: 46279 | B160: 1 | C160: 26I47 | D160: 32009 | E160: 260 | F160: 3.04 | G160: 790.4 | H160: 0.00625 | I160: 0.34375 | P160: =IF($C160="","",IF(COUNTIF($C$2:$C160,$C160)=1,1,0))
A161: 46279 | B161: 2 | C161: 26I43 | D161: 32012 | E161: 450 | F161: 2.1 | G161: 945 | H161: 0.4875 | I161: 0.84027778 | P161: =IF($C161="","",IF(COUNTIF($C$2:$C161,$C161)=1,1,0))
A162: 46279 | B162: 2 | C162: 26I637 | D162: 22000 | E162: 240 | F162: 3.9 | G162: 936 | H162: 0.8125 | I162: 0.20138889 | P162: =IF($C162="","",IF(COUNTIF($C$2:$C162,$C162)=1,1,0))
A163: 46279 | B163: 2 | C163: 26I45 | D163: 32012 | E163: 450 | F163: 2.1 | G163: 945 | H163: 0.17361111 | I163: 0.52430556 | P163: =IF($C163="","",IF(COUNTIF($C$2:$C163,$C163)=1,1,0))
A164: 46279 | B164: 3 | C164: 26I639 | D164: 4065 | E164: 144 | F164: 7.82 | G164: 1126.08 | H164: 0.94305556 | I164: 0.38194444 | N164: SQF-3 DE-SOOTING (from day-wise sheet note) | P164: =IF($C164="","",IF(COUNTIF($C$2:$C164,$C164)=1,1,0))
A165: 46279 | B165: 4 | C165: 26I635 | D165: 9034 | E165: 1500 | F165: 0.32 | G165: 480 | H165: 0.59861111 | I165: 0.92708333 | P165: =IF($C165="","",IF(COUNTIF($C$2:$C165,$C165)=1,1,0))
A166: 46279 | B166: 4 | C166: 26I46 | D166: 32009 | E166: 260 | F166: 3.04 | G166: 790.4 | H166: 0.89930556 | I166: 0.21180556 | P166: =IF($C166="","",IF(COUNTIF($C$2:$C166,$C166)=1,1,0))
A167: 46279 | B167: 4 | C167: 26I638 | D167: 9034 | E167: 1500 | F167: 0.32 | G167: 480 | H167: 0.18472222 | I167: 0.5125 | P167: =IF($C167="","",IF(COUNTIF($C$2:$C167,$C167)=1,1,0))
A168: 46280 | B168: 1 | C168: 26I48 | D168: 32009 | E168: 260 | F168: 3.04 | G168: 790.4 | H168: 0.3125 | I168: 0.65277778 | P168: =IF($C168="","",IF(COUNTIF($C$2:$C168,$C168)=1,1,0))
A169: 46280 | B169: 1 | C169: 26I49 | D169: 32012 | E169: 450 | F169: 2.1 | G169: 945 | H169: 0.625 | I169: 0.97222222 | P169: =IF($C169="","",IF(COUNTIF($C$2:$C169,$C169)=1,1,0))
A170: 46280 | B170: 1 | C170: 26I50 | D170: 32009 | E170: 260 | F170: 3.04 | G170: 790.4 | H170: 0.94444444 | I170: 0.28472222 | P170: =IF($C170="","",IF(COUNTIF($C$2:$C170,$C170)=1,1,0))
A171: 46280 | B171: 2 | C171: 26I642 | D171: 18000 | E171: 70 | F171: 15.38 | G171: 1076.6 | H171: 0.49305556 | I171: 0.03125 | P171: =IF($C171="","",IF(COUNTIF($C$2:$C171,$C171)=1,1,0))
A172: 46280 | B172: 2 | C172: 26I643 | D172: 14013 | E172: 22 | F172: 48 | G172: 1056 | H172: 0.0041666667 | I172: 0.72569444 | P172: =IF($C172="","",IF(COUNTIF($C$2:$C172,$C172)=1,1,0))
A173: 46280 | B173: 3 | C173: 26I640 | D173: 2066 | E173: 96 | F173: 10.08 | G173: 967.68 | H173: 0.35138889 | I173: 0.88541667 | P173: =IF($C173="","",IF(COUNTIF($C$2:$C173,$C173)=1,1,0))
A174: 46280 | B174: 3 | C174: 26I645 | D174: 3051 | E174: 270 | F174: 0.66 | G174: 178.2 | H174: 0.86458333 | I174: 0.21180556 | P174: =IF($C174="","",IF(COUNTIF($C$2:$C174,$C174)=1,1,0))
...

Sheet DWM
A1: MGL UNIT-7 - DWM MATRIX (auto-calculated live from 'MS PRODUCTION LOG' tab - don't type numbers here)
A2: Month Start (change only this cell each month): | G2: 46266
A4: FURNACE | B4: SQF No | C4: Capacity (T) | D4: Month Target (T) | E4: Target MTD (T) | F4: Actual MTD (T) | G4: Util % | H4: 1 | I4: 2 | J4: 3 | K4: 4 | L4: 5 | M4: 6 | N4: 7 | O4: 8 | P4: 9 | Q4: 10 | R4: 11 | S4: 12 | T4: 13 | U4: 14 | V4: 15 | W4: 16 | X4: 17 | Y4: 18 | Z4: 19 | AA4: 20 | AB4: 21 | AC4: 22 | AD4: 23 | AE4: 24 | AF4: 25 | AG4: 26 | AH4: 27 | AI4: 28 | AJ4: 29 | AK4: 30 | AL4: 31
A5: SQF-1 | B5: 1 | C5: 69.75 | D5: 69.75 | E5: 60 | F5: =SUM(H5:AL5) | G5: =IFERROR(F5/E5,0) | H5: =IF(H$4<=DAY(EOMONTH($G$2,0)),IFERROR(SUMIFS('MS PRODUCTION LOG'!$G:$G,'MS PRODUCTION LOG'!$B:$B,$B5,'MS PRODUCTION LOG'!$A:$A,DATE(YEAR($G$2),MONTH($G$2),H$4))/1000,0),"") | I5: =IF(I$4<=DAY(EOMONTH($G$2,0)),IFERROR(SUMIFS('MS PRODUCTION LOG'!$G:$G,'MS PRODUCTION LOG'!$B:$B,$B5,'MS PRODUCTION LOG'!$A:$A,DATE(YEAR($G$2),MONTH($G$2),I$4))/1000,0),"") | J5: =IF(J$4<=DAY(EOMONTH($G$2,0)),IFERROR(SUMIFS('MS PRODUCTION LOG'!$G:$G,'MS PRODUCTION LOG'!$B:$B,$B5,'MS PRODUCTION LOG'!$A:$A,DATE(YEAR($G$2),MONTH($G$2),J$4))/1000,0),"") | K5: =IF(K$4<=DAY(EOMONTH($G$2,0)),IFERROR(SUMIFS('MS PRODUCTION LOG'!$G:$G,'MS PRODUCTION LOG'!$B:$B,$B5,'MS PRODUCTION LOG'!$A:$A,DATE(YEAR($G$2),MONTH($G$2),K$4))/1000,0),"") | L5: =IF(L$4<=DAY(EOMONTH($G$2,0)),IFERROR(SUMIFS('MS PRODUCTION LOG'!$G:$G,'MS PRODUCTION LOG'!$B:$B,$B5,'MS PRODUCTION LOG'!$A:$A,DATE(YEAR($G$2),MONTH($G$2),L$4))/1000,0),"") | M5: =IF(M$4<=DAY(EOMONTH($G$2,0)),IFERROR(SUMIFS('MS PRODUCTION LOG'!$G:$G,'MS PRODUCTION LOG'!$B:$B,$B5,'MS PRODUCTION LOG'!$A:$A,DATE(YEAR($G$2),MONTH($G$2),M$4))/1000,0),"") | N5: =IF(N$4<=DAY(EOMONTH($G$2,0)),IFERROR(SUMIFS('MS PRODUCTION LOG'!$G:$G,'MS PRODUCTION LOG'!$B:$B,$B5,'MS PRODUCTION LOG'!$A:$A,DATE(YEAR($G$2),MONTH($G$2),N$4))/1000,0),"") | O5: =IF(O$4<=DAY(EOMONTH($G$2,0)),IFERROR(SUMIFS('MS PRODUCTION LOG'!$G:$G,'MS PRODUCTION LOG'!$B:$B,$B5,'MS PRODUCTION LOG'!$A:$A,DATE(YEAR($G$2),MONTH($G$2),O$4))/1000,0),"") | ... AL5: =IF(AL$4<=DAY(EOMONTH($G$2,0)),IFERROR(SUMIFS('MS PRODUCTION LOG'!$G:$G,'MS PRODUCTION LOG'!$B:$B,$B5,'MS PRODUCTION LOG'!$A:$A,DATE(YEAR($G$2),MONTH($G$2),AL$4))/1000,0),"")
A6: SQF-2 | B6: 2 | C6: 69.75 | D6: 69.75 | E6: 60 | F6: =SUM(H6:AL6) | G6: =IFERROR(F6/E6,0) | H6: =IF(H$4<=DAY(EOMONTH($G$2,0)),IFERROR(SUMIFS('MS PRODUCTION LOG'!$G:$G,'MS PRODUCTION LOG'!$B:$B,$B6,'MS PRODUCTION LOG'!$A:$A,DATE(YEAR($G$2),MONTH($G$2),H$4))/1000,0),"") | I6: =IF(I$4<=DAY(EOMONTH($G$2,0)),IFERROR(SUMIFS('MS PRODUCTION LOG'!$G:$G,'MS PRODUCTION LOG'!$B:$B,$B6,'MS PRODUCTION LOG'!$A:$A,DATE(YEAR($G$2),MONTH($G$2),I$4))/1000,0),"") | J6: =IF(J$4<=DAY(EOMONTH($G$2,0)),IFERROR(SUMIFS('MS PRODUCTION LOG'!$G:$G,'MS PRODUCTION LOG'!$B:$B,$B6,'MS PRODUCTION LOG'!$A:$A,DATE(YEAR($G$2),MONTH($G$2),J$4))/1000,0),"") | K6: =IF(K$4<=DAY(EOMONTH($G$2,0)),IFERROR(SUMIFS('MS PRODUCTION LOG'!$G:$G,'MS PRODUCTION LOG'!$B:$B,$B6,'MS PRODUCTION LOG'!$A:$A,DATE(YEAR($G$2),MONTH($G$2),K$4))/1000,0),"") | L6: =IF(L$4<=DAY(EOMONTH($G$2,0)),IFERROR(SUMIFS('MS PRODUCTION LOG'!$G:$G,'MS PRODUCTION LOG'!$B:$B,$B6,'MS PRODUCTION LOG'!$A:$A,DATE(YEAR($G$2),MONTH($G$2),L$4))/1000,0),"") | M6: =IF(M$4<=DAY(EOMONTH($G$2,0)),IFERROR(SUMIFS('MS PRODUCTION LOG'!$G:$G,'MS PRODUCTION LOG'!$B:$B,$B6,'MS PRODUCTION LOG'!$A:$A,DATE(YEAR($G$2),MONTH($G$2),M$4))/1000,0),"") | N6: =IF(N$4<=DAY(EOMONTH($G$2,0)),IFERROR(SUMIFS('MS PRODUCTION LOG'!$G:$G,'MS PRODUCTION LOG'!$B:$B,$B6,'MS PRODUCTION LOG'!$A:$A,DATE(YEAR($G$2),MONTH($G$2),N$4))/1000,0),"") | O6: =IF(O$4<=DAY(EOMONTH($G$2,0)),IFERROR(SUMIFS('MS PRODUCTION LOG'!$G:$G,'MS PRODUCTION LOG'!$B:$B,$B6,'MS PRODUCTION LOG'!$A:$A,DATE(YEAR($G$2),MONTH($G$2),O$4))/1000,0),"") | ... AL6: =IF(AL$4<=DAY(EOMONTH($G$2,0)),IFERROR(SUMIFS('MS PRODUCTION LOG'!$G:$G,'MS PRODUCTION LOG'!$B:$B,$B6,'MS PRODUCTION LOG'!$A:$A,DATE(YEAR($G$2),MONTH($G$2),AL$4))/1000,0),"")
A7: SQF-3 | B7: 3 | C7: 69.75 | D7: 69.75 | E7: 60 | F7: =SUM(H7:AL7) | G7: =IFERROR(F7/E7,0) | H7: =IF(H$4<=DAY(EOMONTH($G$2,0)),IFERROR(SUMIFS('MS PRODUCTION LOG'!$G:$G,'MS PRODUCTION LOG'!$B:$B,$B7,'MS PRODUCTION LOG'!$A:$A,DATE(YEAR($G$2),MONTH($G$2),H$4))/1000,0),"") | I7: =IF(I$4<=DAY(EOMONTH($G$2,0)),IFERROR(SUMIFS('MS PRODUCTION LOG'!$G:$G,'MS PRODUCTION LOG'!$B:$B,$B7,'MS PRODUCTION LOG'!$A:$A,DATE(YEAR($G$2),MONTH($G$2),I$4))/1000,0),"") | J7: =IF(J$4<=DAY(EOMONTH($G$2,0)),IFERROR(SUMIFS('MS PRODUCTION LOG'!$G:$G,'MS PRODUCTION LOG'!$B:$B,$B7,'MS PRODUCTION LOG'!$A:$A,DATE(YEAR($G$2),MONTH($G$2),J$4))/1000,0),"") | K7: =IF(K$4<=DAY(EOMONTH($G$2,0)),IFERROR(SUMIFS('MS PRODUCTION LOG'!$G:$G,'MS PRODUCTION LOG'!$B:$B,$B7,'MS PRODUCTION LOG'!$A:$A,DATE(YEAR($G$2),MONTH($G$2),K$4))/1000,0),"") | L7: =IF(L$4<=DAY(EOMONTH($G$2,0)),IFERROR(SUMIFS('MS PRODUCTION LOG'!$G:$G,'MS PRODUCTION LOG'!$B:$B,$B7,'MS PRODUCTION LOG'!$A:$A,DATE(YEAR($G$2),MONTH($G$2),L$4))/1000,0),"") | M7: =IF(M$4<=DAY(EOMONTH($G$2,0)),IFERROR(SUMIFS('MS PRODUCTION LOG'!$G:$G,'MS PRODUCTION LOG'!$B:$B,$B7,'MS PRODUCTION LOG'!$A:$A,DATE(YEAR($G$2),MONTH($G$2),M$4))/1000,0),"") | N7: =IF(N$4<=DAY(EOMONTH($G$2,0)),IFERROR(SUMIFS('MS PRODUCTION LOG'!$G:$G,'MS PRODUCTION LOG'!$B:$B,$B7,'MS PRODUCTION LOG'!$A:$A,DATE(YEAR($G$2),MONTH($G$2),N$4))/1000,0),"") | O7: =IF(O$4<=DAY(EOMONTH($G$2,0)),IFERROR(SUMIFS('MS PRODUCTION LOG'!$G:$G,'MS PRODUCTION LOG'!$B:$B,$B7,'MS PRODUCTION LOG'!$A:$A,DATE(YEAR($G$2),MONTH($G$2),O$4))/1000,0),"") | ... AL7: =IF(AL$4<=DAY(EOMONTH($G$2,0)),IFERROR(SUMIFS('MS PRODUCTION LOG'!$G:$G,'MS PRODUCTION LOG'!$B:$B,$B7,'MS PRODUCTION LOG'!$A:$A,DATE(YEAR($G$2),MONTH($G$2),AL$4))/1000,0),"")
A8: SQF-4 | B8: 4 | C8: 69.75 | D8: 69.75 | E8: 60 | F8: =SUM(H8:AL8) | G8: =IFERROR(F8/E8,0) | H8: =IF(H$4<=DAY(EOMONTH($G$2,0)),IFERROR(SUMIFS('MS PRODUCTION LOG'!$G:$G,'MS PRODUCTION LOG'!$B:$B,$B8,'MS PRODUCTION LOG'!$A:$A,DATE(YEAR($G$2),MONTH($G$2),H$4))/1000,0),"") | I8: =IF(I$4<=DAY(EOMONTH($G$2,0)),IFERROR(SUMIFS('MS PRODUCTION LOG'!$G:$G,'MS PRODUCTION LOG'!$B:$B,$B8,'MS PRODUCTION LOG'!$A:$A,DATE(YEAR($G$2),MONTH($G$2),I$4))/1000,0),"") | J8: =IF(J$4<=DAY(EOMONTH($G$2,0)),IFERROR(SUMIFS('MS PRODUCTION LOG'!$G:$G,'MS PRODUCTION LOG'!$B:$B,$B8,'MS PRODUCTION LOG'!$A:$A,DATE(YEAR($G$2),MONTH($G$2),J$4))/1000,0),"") | K8: =IF(K$4<=DAY(EOMONTH($G$2,0)),IFERROR(SUMIFS('MS PRODUCTION LOG'!$G:$G,'MS PRODUCTION LOG'!$B:$B,$B8,'MS PRODUCTION LOG'!$A:$A,DATE(YEAR($G$2),MONTH($G$2),K$4))/1000,0),"") | L8: =IF(L$4<=DAY(EOMONTH($G$2,0)),IFERROR(SUMIFS('MS PRODUCTION LOG'!$G:$G,'MS PRODUCTION LOG'!$B:$B,$B8,'MS PRODUCTION LOG'!$A:$A,DATE(YEAR($G$2),MONTH($G$2),L$4))/1000,0),"") | M8: =IF(M$4<=DAY(EOMONTH($G$2,0)),IFERROR(SUMIFS('MS PRODUCTION LOG'!$G:$G,'MS PRODUCTION LOG'!$B:$B,$B8,'MS PRODUCTION LOG'!$A:$A,DATE(YEAR($G$2),MONTH($G$2),M$4))/1000,0),"") | N8: =IF(N$4<=DAY(EOMONTH($G$2,0)),IFERROR(SUMIFS('MS PRODUCTION LOG'!$G:$G,'MS PRODUCTION LOG'!$B:$B,$B8,'MS PRODUCTION LOG'!$A:$A,DATE(YEAR($G$2),MONTH($G$2),N$4))/1000,0),"") | O8: =IF(O$4<=DAY(EOMONTH($G$2,0)),IFERROR(SUMIFS('MS PRODUCTION LOG'!$G:$G,'MS PRODUCTION LOG'!$B:$B,$B8,'MS PRODUCTION LOG'!$A:$A,DATE(YEAR($G$2),MONTH($G$2),O$4))/1000,0),"") | ... AL8: =IF(AL$4<=DAY(EOMONTH($G$2,0)),IFERROR(SUMIFS('MS PRODUCTION LOG'!$G:$G,'MS PRODUCTION LOG'!$B:$B,$B8,'MS PRODUCTION LOG'!$A:$A,DATE(YEAR($G$2),MONTH($G$2),AL$4))/1000,0),"")
A9: TOTAL | C9: =SUM(C5:C8) | D9: =SUM(D5:D8) | E9: =SUM(E5:E8) | F9: =SUM(F5:F8) | G9: =IFERROR(F9/E9,0) | H9: =IF(H5="","",SUM(H5:H8)) | I9: =IF(I5="","",SUM(I5:I8)) | J9: =IF(J5="","",SUM(J5:J8)) | K9: =IF(K5="","",SUM(K5:K8)) | L9: =IF(L5="","",SUM(L5:L8)) | M9: =IF(M5="","",SUM(M5:M8)) | N9: =IF(N5="","",SUM(N5:N8)) | O9: =IF(O5="","",SUM(O5:O8)) | ... AL9: =IF(AL5="","",SUM(AL5:AL8))
A10: CUMULATIVE TOTAL | H10: =IF(H9="","",H9) | I10: =IF(I9="",H10,H10+I9) | J10: =IF(J9="",I10,I10+J9) | K10: =IF(K9="",J10,J10+K9) | L10: =IF(L9="",K10,K10+L9) | M10: =IF(M9="",L10,L10+M9) | N10: =IF(N9="",M10,M10+N9) | O10: =IF(O9="",N10,N10+O9) | P10: =IF(P9="",O10,O10+P9) | ... AL10: =IF(AL9="",AK10,AK10+AL9)

Sheet TOTAL ACT
A1: PRODUCTION OF UNIT 7 - AUTO-CALCULATED (from MS PRODUCTION LOG tab - don't type numbers here)
A2: Month Start (change only this cell each month): | E2: 46266
A4: FURNACE | B4: SQF-1 | C4: SQF-2 | D4: SQF-3 | E4: SQF-4 | F4: TOTAL
A5: BATCHES (IN NOS) | B5: =SUMIFS('MS PRODUCTION LOG'!$P:$P,'MS PRODUCTION LOG'!$B:$B,1,'MS PRODUCTION LOG'!$A:$A,">="&$E$2,'MS PRODUCTION LOG'!$A:$A,"<="&EOMONTH($E$2,0)) | C5: =SUMIFS('MS PRODUCTION LOG'!$P:$P,'MS PRODUCTION LOG'!$B:$B,2,'MS PRODUCTION LOG'!$A:$A,">="&$E$2,'MS PRODUCTION LOG'!$A:$A,"<="&EOMONTH($E$2,0)) | D5: =SUMIFS('MS PRODUCTION LOG'!$P:$P,'MS PRODUCTION LOG'!$B:$B,3,'MS PRODUCTION LOG'!$A:$A,">="&$E$2,'MS PRODUCTION LOG'!$A:$A,"<="&EOMONTH($E$2,0)) | E5: =SUMIFS('MS PRODUCTION LOG'!$P:$P,'MS PRODUCTION LOG'!$B:$B,4,'MS PRODUCTION LOG'!$A:$A,">="&$E$2,'MS PRODUCTION LOG'!$A:$A,"<="&EOMONTH($E$2,0)) | F5: =SUM(B5:E5)
A6: TOTAL NUMBER OF PARTS (SQF WISE) | B6: =SUMIFS('MS PRODUCTION LOG'!$E:$E,'MS PRODUCTION LOG'!$B:$B,1,'MS PRODUCTION LOG'!$A:$A,">="&$E$2,'MS PRODUCTION LOG'!$A:$A,"<="&EOMONTH($E$2,0)) | C6: =SUMIFS('MS PRODUCTION LOG'!$E:$E,'MS PRODUCTION LOG'!$B:$B,2,'MS PRODUCTION LOG'!$A:$A,">="&$E$2,'MS PRODUCTION LOG'!$A:$A,"<="&EOMONTH($E$2,0)) | D6: =SUMIFS('MS PRODUCTION LOG'!$E:$E,'MS PRODUCTION LOG'!$B:$B,3,'MS PRODUCTION LOG'!$A:$A,">="&$E$2,'MS PRODUCTION LOG'!$A:$A,"<="&EOMONTH($E$2,0)) | E6: =SUMIFS('MS PRODUCTION LOG'!$E:$E,'MS PRODUCTION LOG'!$B:$B,4,'MS PRODUCTION LOG'!$A:$A,">="&$E$2,'MS PRODUCTION LOG'!$A:$A,"<="&EOMONTH($E$2,0)) | F6: =SUM(B6:E6)
A7: TOTAL WEIGHT (IN KGS) | B7: =SUMIFS('MS PRODUCTION LOG'!$G:$G,'MS PRODUCTION LOG'!$B:$B,1,'MS PRODUCTION LOG'!$A:$A,">="&$E$2,'MS PRODUCTION LOG'!$A:$A,"<="&EOMONTH($E$2,0)) | C7: =SUMIFS('MS PRODUCTION LOG'!$G:$G,'MS PRODUCTION LOG'!$B:$B,2,'MS PRODUCTION LOG'!$A:$A,">="&$E$2,'MS PRODUCTION LOG'!$A:$A,"<="&EOMONTH($E$2,0)) | D7: =SUMIFS('MS PRODUCTION LOG'!$G:$G,'MS PRODUCTION LOG'!$B:$B,3,'MS PRODUCTION LOG'!$A:$A,">="&$E$2,'MS PRODUCTION LOG'!$A:$A,"<="&EOMONTH($E$2,0)) | E7: =SUMIFS('MS PRODUCTION LOG'!$G:$G,'MS PRODUCTION LOG'!$B:$B,4,'MS PRODUCTION LOG'!$A:$A,">="&$E$2,'MS PRODUCTION LOG'!$A:$A,"<="&EOMONTH($E$2,0)) | F7: =SUM(B7:E7)
A9: GRAND WEIGHT (IN KGS) | B9: =F7
A10: GRAND WEIGHT (IN TONS) | B10: =B9/1000
A11: TOTAL BATCHES (IN NOS) | B11: =F5
A12: TOTAL NUMBER OF PARTS | B12: =F6
A14: MAJOR PRODUCTION LOSS'S
A15: TOTAL PRODUCTION IN TON | B15: =B10
A16: NO OF DUMMY LOT PROCEED IN NPD PARTS (fill manually) | B16: NIL
A17: Furnace idle - no load / material not available (fill manually) | B17: 0
A18: Loss due to Furnace Breakdown & PM work (fill manually) | B18: NIL

Sheet TD PRODUCTION
A1: HEAT TREATMENT - U7 (auto-calculated from MS PRODUCTION LOG tab - don't type numbers here)
A2: Date (jo date daalenge, USI din ka live data yahan aa jayega): | D2: =TODAY()
A4: FURNACE NO | B4: TD QTY | C4: MTD QTY | D4: TD TON | E4: MTD TON
A5: SQF - 01 | B5: =SUMIFS('MS PRODUCTION LOG'!$E:$E,'MS PRODUCTION LOG'!$B:$B,1,'MS PRODUCTION LOG'!$A:$A,$D$2) | C5: =SUMIFS('MS PRODUCTION LOG'!$E:$E,'MS PRODUCTION LOG'!$B:$B,1,'MS PRODUCTION LOG'!$A:$A,">="&DATE(YEAR($D$2),MONTH($D$2),1),'MS PRODUCTION LOG'!$A:$A,"<="&$D$2) | D5: =SUMIFS('MS PRODUCTION LOG'!$G:$G,'MS PRODUCTION LOG'!$B:$B,1,'MS PRODUCTION LOG'!$A:$A,$D$2)/1000 | E5: =SUMIFS('MS PRODUCTION LOG'!$G:$G,'MS PRODUCTION LOG'!$B:$B,1,'MS PRODUCTION LOG'!$A:$A,">="&DATE(YEAR($D$2),MONTH($D$2),1),'MS PRODUCTION LOG'!$A:$A,"<="&$D$2)/1000
A6: SQF - 02 | B6: =SUMIFS('MS PRODUCTION LOG'!$E:$E,'MS PRODUCTION LOG'!$B:$B,2,'MS PRODUCTION LOG'!$A:$A,$D$2) | C6: =SUMIFS('MS PRODUCTION LOG'!$E:$E,'MS PRODUCTION LOG'!$B:$B,2,'MS PRODUCTION LOG'!$A:$A,">="&DATE(YEAR($D$2),MONTH($D$2),1),'MS PRODUCTION LOG'!$A:$A,"<="&$D$2) | D6: =SUMIFS('MS PRODUCTION LOG'!$G:$G,'MS PRODUCTION LOG'!$B:$B,2,'MS PRODUCTION LOG'!$A:$A,$D$2)/1000 | E6: =SUMIFS('MS PRODUCTION LOG'!$G:$G,'MS PRODUCTION LOG'!$B:$B,2,'MS PRODUCTION LOG'!$A:$A,">="&DATE(YEAR($D$2),MONTH($D$2),1),'MS PRODUCTION LOG'!$A:$A,"<="&$D$2)/1000
A7: SQF - 03 | B7: =SUMIFS('MS PRODUCTION LOG'!$E:$E,'MS PRODUCTION LOG'!$B:$B,3,'MS PRODUCTION LOG'!$A:$A,$D$2) | C7: =SUMIFS('MS PRODUCTION LOG'!$E:$E,'MS PRODUCTION LOG'!$B:$B,3,'MS PRODUCTION LOG'!$A:$A,">="&DATE(YEAR($D$2),MONTH($D$2),1),'MS PRODUCTION LOG'!$A:$A,"<="&$D$2) | D7: =SUMIFS('MS PRODUCTION LOG'!$G:$G,'MS PRODUCTION LOG'!$B:$B,3,'MS PRODUCTION LOG'!$A:$A,$D$2)/1000 | E7: =SUMIFS('MS PRODUCTION LOG'!$G:$G,'MS PRODUCTION LOG'!$B:$B,3,'MS PRODUCTION LOG'!$A:$A,">="&DATE(YEAR($D$2),MONTH($D$2),1),'MS PRODUCTION LOG'!$A:$A,"<="&$D$2)/1000
A8: SQF - 04 | B8: =SUMIFS('MS PRODUCTION LOG'!$E:$E,'MS PRODUCTION LOG'!$B:$B,4,'MS PRODUCTION LOG'!$A:$A,$D$2) | C8: =SUMIFS('MS PRODUCTION LOG'!$E:$E,'MS PRODUCTION LOG'!$B:$B,4,'MS PRODUCTION LOG'!$A:$A,">="&DATE(YEAR($D$2),MONTH($D$2),1),'MS PRODUCTION LOG'!$A:$A,"<="&$D$2) | D8: =SUMIFS('MS PRODUCTION LOG'!$G:$G,'MS PRODUCTION LOG'!$B:$B,4,'MS PRODUCTION LOG'!$A:$A,$D$2)/1000 | E8: =SUMIFS('MS PRODUCTION LOG'!$G:$G,'MS PRODUCTION LOG'!$B:$B,4,'MS PRODUCTION LOG'!$A:$A,">="&DATE(YEAR($D$2),MONTH($D$2),1),'MS PRODUCTION LOG'!$A:$A,"<="&$D$2)/1000
A9: TOTAL | B9: =SUM(B5:B8) | C9: =SUM(C5:C8) | D9: =SUM(D5:D8) | E9: =SUM(E5:E8)
